Plug,Socket,Plug Identifier,Socket Identifier,Config,Set Speed (mm/s),Test Sequence,Cycle #,Force Mate,Force Demate,No binding,Functional,No leaks,No damage
Safeway,Cejn,2BP-S094,3C2-P01,R,40,3,,119.188259,3.932745,P,P,P,P
Safeway,Cejn,2BP-S094,3C2-P01,C,40,5,,127.257724,3.886224,P,P,P,P
Safeway,Cejn,2BP-S094,3C2-P01,A,40,7,,92.664614,4.125982,P,P,P,P
Safeway,Cejn,2BP-S094,3C2-P01,A,400,8,,98.980622,7.708037,P,P,P,P
Safeway,Cejn,2BP-S094,3C2-P01,R,400,14,,144.208951,5.807866,P,P,P,P
Safeway,Cejn,2BP-S094,3C2-P01,C,400,20,,219.464229,7.790342,P,P,P,P
Safeway,Cejn,2BP-S094,3C2-P01,C,40,24,,132.131605,3.485435,P,P,P,P
Safeway,Cejn,2BP-S094,3C2-P01,A,40,26,,93.945708,4.040099,P,P,P,P
Safeway,Cejn,2BP-S094,3C2-P01,R,40,28,,105.733202,3.395973,P,P,P,P
