Plug,Socket,Plug Identifier,Socket Identifier,Config,Set Speed (mm/s),Test Sequence,Cycle #,Force Mate,Force Demate,No binding,Functional,No leaks,No damage
Safeway,Cejn,2BP-S097,3C2-P02,A,40,7,1,93.326632,4.644861,P,P,P,P
Safeway,Cejn,2BP-S097,3C2-P02,A,40,7,40,95.484453,4.054413,P,P,P,P
Safeway,Cejn,2BP-S097,3C2-P02,C,40,9,1,145.393429,3.335139,P,P,P,P
Safeway,Cejn,2BP-S097,3C2-P02,C,40,9,40,124.57029,3.696565,P,P,P,P
Safeway,Cejn,2BP-S097,3C2-P02,R,40,11,1,118.476148,3.642888,P,P,P,P
Safeway,Cejn,2BP-S097,3C2-P02,R,40,11,40,98.629931,3.692987,P,P,P,P
