Plug,Socket,Plug Identifier,Socket Identifier,Config,Set Speed (mm/s),Test Sequence,Cycle #,Force Mate,Force Demate,No binding,Functional,No leaks,No damage
Safeway,Safeway,3S2a-P8,3S2a-S8,R,40,3,,84.523585,2.755426,P,P,P,P
Safeway,Safeway,3S2a-P8,3S2a-S8,C,40,5,,80.02186,3.721615,P,P,P,P
Safeway,Safeway,3S2a-P8,3S2a-S8,A,40,7,,81.281483,3.170529,P,P,P,P
Safeway,Safeway,3S2a-P8,3S2a-S8,A,400,8,,92.700399,6.537875,P,P,P,P
Safeway,Safeway,3S2a-P8,3S2a-S8,R,400,14,,86.896113,23.807609,P,P,P,P
Safeway,Safeway,3S2a-P8,3S2a-S8,C,400,20,,82.440911,20.053792,P,P,P,P
Safeway,Safeway,3S2a-P8,3S2a-S8,C,40,24,,79.485089,3.256413,P,P,P,P
Safeway,Safeway,3S2a-P8,3S2a-S8,A,40,26,,80.880693,3.227785,P,P,P,P
Safeway,Safeway,3S2a-P8,3S2a-S8,R,40,28,,81.499774,3.431758,P,P,P,P
