Plug,Socket,Plug Identifier,Socket Identifier,Config,Set Speed (mm/s),Test Sequence,Cycle #,Force Mate,Force Demate,No binding,Functional,No leaks,No damage
Safeway,Safeway,3S2a-P9,3S2a-S9,A,40,7,1,83.296162,3.431758,P,P,P,P
Safeway,Safeway,3S2a-P9,3S2a-S9,A,40,7,40,89.268636,3.650045,P,P,P,P
Safeway,Safeway,3S2a-P9,3S2a-S9,C,40,9,1,82.290616,3.234942,P,P,P,P
Safeway,Safeway,3S2a-P9,3S2a-S9,C,40,9,40,81.413888,3.302933,P,P,P,P
Safeway,Safeway,3S2a-P9,3S2a-S9,R,40,11,1,85.303692,3.084646,P,P,P,P
Safeway,Safeway,3S2a-P9,3S2a-S9,R,40,11,40,85.368104,3.041704,P,P,P,P
