Plug,Socket,Plug Identifier,Socket Identifier,Config,Set Speed (mm/s),Test Sequence,Cycle #,Force Mate,Force Demate,No binding,Functional,No leaks,No damage
Safeway,Safeway,3S2a-P1,3S2a-S1,A,40,7,,80.429808,3.993579,P,P,P,P
Safeway,Safeway,3S2a-P2,3S2a-S2,A,40,7,,80.991627,3.753821,P,P,P,P
Safeway,Safeway,3S2a-P3,3S2a-S3,A,40,7,,77.227075,4.369319,P,P,P,P
Safeway,Safeway,3S2a-P5,3S2a-S5,A,40,7,,83.077881,3.728772,P,P,P,P
Safeway,Safeway,3S2a-P1,3S2a-S1,R,40,3,,83.478669,11.715939,P,P,P,P
Safeway,Safeway,3S2a-P2,3S2a-S2,R,40,3,,81.485458,3.646467,P,P,P,P
Safeway,Safeway,3S2a-P3,3S2a-S3,R,40,3,,82.426598,4.036521,P,P,P,P
Safeway,Safeway,3S2a-P5,3S2a-S5,R,40,3,,87.51161,3.89696,P,P,P,P
Safeway,Safeway,3S2a-P1,3S2a-S1,C,40,5,,83.271115,29.987644,P,P,P,P
Safeway,Safeway,3S2a-P2,3S2a-S2,C,40,5,,79.420679,3.492592,P,P,P,P
Safeway,Safeway,3S2a-P3,3S2a-S3,C,40,5,,86.051591,14.761221,P,P,P,P
Safeway,Safeway,3S2a-P5,3S2a-S5,C,40,5,,83.5395,11.690892,P,P,P,P
Safeway,Safeway,3S2a-P1,3S2a-S1,A,400,8,,85.182024,8.810207,P,P,P,P
Safeway,Safeway,3S2a-P2,3S2a-S2,A,400,8,,96.114264,8.68496,P,P,P,P
Safeway,Safeway,3S2a-P3,3S2a-S3,A,400,8,,83.149451,15.308719,P,P,P,P
Safeway,Safeway,3S2a-P5,3S2a-S5,A,400,8,,95.806512,6.917194,P,P,P,P
Safeway,Safeway,3S2a-P1,3S2a-S1,C,400,20,,144.552547,154.27842,P,P,P,P
Safeway,Safeway,3S2a-P2,3S2a-S2,C,400,20,,85.879827,14.639546,P,P,P,P
Safeway,Safeway,3S2a-P3,3S2a-S3,C,400,20,,96.189408,19.359559,P,P,P,P
Safeway,Safeway,3S2a-P5,3S2a-S5,C,400,20,,92.653875,19.166324,P,P,P,P
Safeway,Safeway,3S2a-P1,3S2a-S1,R,400,14,,91.462247,12.606983,P,P,P,P
Safeway,Safeway,3S2a-P2,3S2a-S2,R,400,14,,82.369343,8.924725,P,P,P,P
Safeway,Safeway,3S2a-P3,3S2a-S3,R,400,14,,90.929054,11.766032,P,P,P,P
Safeway,Safeway,3S2a-P5,3S2a-S5,R,400,14,,95.985435,6.83131,P,P,P,P
Safeway,Safeway,3S2a-P1,3S2a-S1,A,40,26,,76.0426,4.065148,P,P,P,P
Safeway,Safeway,3S2a-P2,3S2a-S2,A,40,26,,80.937951,3.793184,P,P,P,P
Safeway,Safeway,3S2a-P3,3S2a-S3,A,40,26,,77.377371,2.880673,P,P,P,P
Safeway,Safeway,3S2a-P5,3S2a-S5,A,40,26,,84.441275,4.111669,P,P,P,P
Safeway,Safeway,3S2a-P1,3S2a-S1,R,40,28,,81.395998,5.747036,P,P,P,P
Safeway,Safeway,3S2a-P2,3S2a-S2,R,40,28,,82.176103,7.121173,P,P,P,P
Safeway,Safeway,3S2a-P3,3S2a-S3,R,40,28,,81.868356,5.954588,P,P,P,P
Safeway,Safeway,3S2a-P5,3S2a-S5,R,40,28,,85.833302,4.229758,P,P,P,P
Safeway,Safeway,3S2a-P1,3S2a-S1,C,40,24,,81.768158,14.557246,P,P,P,P
Safeway,Safeway,3S2a-P2,3S2a-S2,C,40,24,,80.816284,7.24284,P,P,P,P
Safeway,Safeway,3S2a-P3,3S2a-S3,C,40,24,,83.045671,23.585741,P,P,P,P
Safeway,Safeway,3S2a-P5,3S2a-S5,C,40,24,,84.104899,16.614877,P,P,P,P
