Plug,Socket,Plug Identifier,Socket Identifier,Config,Set Speed (mm/s),Test Sequence,Cycle #,Force Mate,Force Demate,No binding,Functional,No leaks,No damage
Safeway,Safeway,3S2a-P2,3S2a-S2,A,40,7,1,80.465592,4.244072,P,P,P,P
Safeway,Safeway,3S2a-P2,3S2a-S2,A,40,7,40,81.29222,4.111669,P,P,P,P
Safeway,Safeway,3S2a-P2,3S2a-S2,C,40,9,1,80.508536,4.136718,P,P,P,P
Safeway,Safeway,3S2a-P2,3S2a-S2,C,40,9,40,81.048885,3.939902,P,P,P,P
Safeway,Safeway,3S2a-P2,3S2a-S2,R,40,11,1,81.31727,4.17966,P,P,P,P
Safeway,Safeway,3S2a-P2,3S2a-S2,R,40,11,40,83.807887,8.681389,P,P,P,P
Safeway,Safeway,3S2a-P1,3S2a-S1,A,40,7,1,82.74508,4.254808,P,P,P,P
Safeway,Safeway,3S2a-P1,3S2a-S1,A,40,7,40,80.669566,3.746664,P,P,P,P
Safeway,Safeway,3S2a-P1,3S2a-S1,C,40,9,1,78.361451,14.979506,P,P,P,P
Safeway,Safeway,3S2a-P1,3S2a-S1,C,40,9,40,77.23781,12.41016,P,P,P,P
Safeway,Safeway,3S2a-P1,3S2a-S1,R,40,11,1,81.320848,4.075884,P,P,P,P
Safeway,Safeway,3S2a-P1,3S2a-S1,R,40,11,40,82.727189,3.957794,P,P,P,P
Safeway,Safeway,3S2a-P4,3S2a-S4,A,40,7,1,80.365396,4.501722,P,P,P,P
Safeway,Safeway,3S2a-P4,3S2a-S4,A,40,7,40,80.290249,4.004314,P,P,P,P
Safeway,Safeway,3S2a-P4,3S2a-S4,C,40,9,1,87.386359,19.545657,P,P,P,P
Safeway,Safeway,3S2a-P4,3S2a-S4,C,40,9,40,84.666719,22.379809,P,P,P,P
Safeway,Safeway,3S2a-P4,3S2a-S4,R,40,11,1,84.566526,7.951386,P,P,P,P
Safeway,Safeway,3S2a-P4,3S2a-S4,R,40,11,40,82.337135,4.54825,P,P,P,P
Safeway,Safeway,3S2a-P6,3S2a-S6,A,40,7,1,82.852432,3.73235,P,P,P,P
Safeway,Safeway,3S2a-P6,3S2a-S6,A,40,7,40,83.614648,4.265543,P,P,P,P
Safeway,Safeway,3S2a-P6,3S2a-S6,C,40,9,1,82.054433,7.364514,P,P,P,P
Safeway,Safeway,3S2a-P6,3S2a-S6,C,40,9,40,81.267169,24.777386,P,P,P,P
Safeway,Safeway,3S2a-P6,3S2a-S6,R,40,11,1,84.308875,4.022207,P,P,P,P
Safeway,Safeway,3S2a-P6,3S2a-S6,R,40,11,40,83.940292,7.074655,P,P,P,P
