Plug,Socket,Plug Identifier,Socket Identifier,Config,Set Speed (mm/s),Test Sequence,Cycle #,Force Mate,Force Demate,No binding,Functional,No leaks,No damage
Safeway,Safeway,3S2b-P9,3S2b-S9,A,40,7,1,87.740625,3.746664,P,P,P,P
Safeway,Safeway,3S2b-P9,3S2b-S9,A,40,7,40,85.035298,3.338718,P,P,P,P
Safeway,Safeway,3S2b-P9,3S2b-S9,C,40,9,1,101.446176,3.202736,P,P,P,P
Safeway,Safeway,3S2b-P9,3S2b-S9,C,40,9,40,97.43113,3.811077,P,P,P,P
Safeway,Safeway,3S2b-P9,3S2b-S9,R,40,11,1,100.165093,4.097355,P,P,P,P
Safeway,Safeway,3S2b-P9,3S2b-S9,R,40,11,40,101.34241,3.979265,P,P,P,P
