Plug,Socket,Plug Identifier,Socket Identifier,Config,Set Speed (mm/s),Test Sequence,Cycle #,Force Mate,Force Demate,No binding,Functional,No leaks,No damage
Safeway,Safeway,2BP-S093 LF,2B-S206 LF,A,40,7,1,76.34677,3.531955,P,P,P,P
Safeway,Safeway,2BP-S093 LF,2B-S206 LF,A,40,7,40,76.633048,3.632153,P,P,P,P
Safeway,Safeway,2BP-S093 LF,2B-S206 LF,C,40,9,1,331.960546,3.771713,F,P,P,P
Safeway,Safeway,2BP-S093 LF,2B-S206 LF,C,40,9,40,158.658804,3.811077,P,P,P,P
Safeway,Safeway,2BP-S093 LF,2B-S206 LF,R,40,11,1,111.891753,3.735929,P,P,P,P
Safeway,Safeway,2BP-S093 LF,2B-S206 LF,R,40,11,40,127.11458,3.435337,P,P,P,P
