Search Directory: ,,
M:\0 - SW Prod Dwgs,,
,,
Search Terms: ,,
PTFE,,
Ptfe,,
ptfe,,
TEFLON,,
Teflon,,
teflon,,
,,
Results matching at least one term: ,,
Filename,Location,Location
1061T-1 b.pdf,"M:\0 - SW Prod Dwgs\1000 Series (S10, S11,S12,S13)\1061T-1 b.pdf","M:\0 - SW Prod Dwgs\1000 Series (S10, S11,S12,S13)\1061T-1 b.pdf"
S105-2.PDF,"M:\0 - SW Prod Dwgs\1000 Series (S10, S11,S12,S13)\2-Assy Drawings\S105-2.PDF","M:\0 - SW Prod Dwgs\1000 Series (S10, S11,S12,S13)\2-Assy Drawings\S105-2.PDF"
S105-3.PDF,"M:\0 - SW Prod Dwgs\1000 Series (S10, S11,S12,S13)\2-Assy Drawings\S105-3.PDF","M:\0 - SW Prod Dwgs\1000 Series (S10, S11,S12,S13)\2-Assy Drawings\S105-3.PDF"
S105-4.PDF,"M:\0 - SW Prod Dwgs\1000 Series (S10, S11,S12,S13)\2-Assy Drawings\S105-4.PDF","M:\0 - SW Prod Dwgs\1000 Series (S10, S11,S12,S13)\2-Assy Drawings\S105-4.PDF"
S105-6.PDF,"M:\0 - SW Prod Dwgs\1000 Series (S10, S11,S12,S13)\2-Assy Drawings\S105-6.PDF","M:\0 - SW Prod Dwgs\1000 Series (S10, S11,S12,S13)\2-Assy Drawings\S105-6.PDF"
S30-3P n.pdf,M:\0 - SW Prod Dwgs\2-Sales Drawings - PDFs\3000 Series (S30)\S30-3P n.pdf,M:\0 - SW Prod Dwgs\2-Sales Drawings - PDFs\3000 Series (S30)\S30-3P n.pdf
S35-3P f.pdf,M:\0 - SW Prod Dwgs\2-Sales Drawings - PDFs\3000 Series (S30)\S35-3P f.pdf,M:\0 - SW Prod Dwgs\2-Sales Drawings - PDFs\3000 Series (S30)\S35-3P f.pdf
FFEC49-4-8-WES-LINE.pdf,M:\0 - SW Prod Dwgs\2-Sales Drawings - PDFs\C Series (FFEC)\FFEC49-4-8-WES-LINE.pdf,M:\0 - SW Prod Dwgs\2-Sales Drawings - PDFs\C Series (FFEC)\FFEC49-4-8-WES-LINE.pdf
FFEC49-4-WES g.pdf,M:\0 - SW Prod Dwgs\2-Sales Drawings - PDFs\C Series (FFEC)\FFEC49-4-WES g.pdf,M:\0 - SW Prod Dwgs\2-Sales Drawings - PDFs\C Series (FFEC)\FFEC49-4-WES g.pdf
FFE49-2 f.pdf,M:\0 - SW Prod Dwgs\2-Sales Drawings - PDFs\E Series (FFE49)\FFE49-2 f.pdf,M:\0 - SW Prod Dwgs\2-Sales Drawings - PDFs\E Series (FFE49)\FFE49-2 f.pdf
FFE49-4 g.pdf,M:\0 - SW Prod Dwgs\2-Sales Drawings - PDFs\E Series (FFE49)\FFE49-4 g.pdf,M:\0 - SW Prod Dwgs\2-Sales Drawings - PDFs\E Series (FFE49)\FFE49-4 g.pdf
FFE49-4-3[4 h.pdf,M:\0 - SW Prod Dwgs\2-Sales Drawings - PDFs\E Series (FFE49)\FFE49-4-3[4 h.pdf,M:\0 - SW Prod Dwgs\2-Sales Drawings - PDFs\E Series (FFE49)\FFE49-4-3[4 h.pdf
FFE49-6 f.pdf,M:\0 - SW Prod Dwgs\2-Sales Drawings - PDFs\E Series (FFE49)\FFE49-6 f.pdf,M:\0 - SW Prod Dwgs\2-Sales Drawings - PDFs\E Series (FFE49)\FFE49-6 f.pdf
FFE49-6-1 f.pdf,M:\0 - SW Prod Dwgs\2-Sales Drawings - PDFs\E Series (FFE49)\FFE49-6-1 f.pdf,M:\0 - SW Prod Dwgs\2-Sales Drawings - PDFs\E Series (FFE49)\FFE49-6-1 f.pdf
FFE49-6-16 f.pdf,M:\0 - SW Prod Dwgs\2-Sales Drawings - PDFs\E Series (FFE49)\FFE49-6-16 f.pdf,M:\0 - SW Prod Dwgs\2-Sales Drawings - PDFs\E Series (FFE49)\FFE49-6-16 f.pdf
FFE49-8 a.pdf,M:\0 - SW Prod Dwgs\2-Sales Drawings - PDFs\E Series (FFE49)\FFE49-8 a.pdf,M:\0 - SW Prod Dwgs\2-Sales Drawings - PDFs\E Series (FFE49)\FFE49-8 a.pdf
FFE49-8-1 a.pdf,M:\0 - SW Prod Dwgs\2-Sales Drawings - PDFs\E Series (FFE49)\FFE49-8-1 a.pdf,M:\0 - SW Prod Dwgs\2-Sales Drawings - PDFs\E Series (FFE49)\FFE49-8-1 a.pdf
FFE49-8-114 a.pdf,M:\0 - SW Prod Dwgs\2-Sales Drawings - PDFs\E Series (FFE49)\FFE49-8-114 a.pdf,M:\0 - SW Prod Dwgs\2-Sales Drawings - PDFs\E Series (FFE49)\FFE49-8-114 a.pdf
FFE49-8-20 a.pdf,M:\0 - SW Prod Dwgs\2-Sales Drawings - PDFs\E Series (FFE49)\FFE49-8-20 a.pdf,M:\0 - SW Prod Dwgs\2-Sales Drawings - PDFs\E Series (FFE49)\FFE49-8-20 a.pdf
FF49-6-12 p.pdf,M:\0 - SW Prod Dwgs\2-Sales Drawings - PDFs\F Series (FF49)\FF49-6-12 p.pdf,M:\0 - SW Prod Dwgs\2-Sales Drawings - PDFs\F Series (FF49)\FF49-6-12 p.pdf
SF49-3 h.pdf,M:\0 - SW Prod Dwgs\2-Sales Drawings - PDFs\F Series (FF49)\SF49-3 h.pdf,M:\0 - SW Prod Dwgs\2-Sales Drawings - PDFs\F Series (FF49)\SF49-3 h.pdf
SF491-3 a.pdf,M:\0 - SW Prod Dwgs\2-Sales Drawings - PDFs\F Series (FF49)\SF491-3 a.pdf,M:\0 - SW Prod Dwgs\2-Sales Drawings - PDFs\F Series (FF49)\SF491-3 a.pdf
S25-4-20.PDF,"M:\0 - SW Prod Dwgs\2000 Series (S20, SH20)\2-Assy Drawings\S25-4-20.PDF","M:\0 - SW Prod Dwgs\2000 Series (S20, SH20)\2-Assy Drawings\S25-4-20.PDF"
S25-4-3.PDF,"M:\0 - SW Prod Dwgs\2000 Series (S20, SH20)\2-Assy Drawings\S25-4-3.PDF","M:\0 - SW Prod Dwgs\2000 Series (S20, SH20)\2-Assy Drawings\S25-4-3.PDF"
S25-4-4.PDF,"M:\0 - SW Prod Dwgs\2000 Series (S20, SH20)\2-Assy Drawings\S25-4-4.PDF","M:\0 - SW Prod Dwgs\2000 Series (S20, SH20)\2-Assy Drawings\S25-4-4.PDF"
S25-4-9.PDF,"M:\0 - SW Prod Dwgs\2000 Series (S20, SH20)\2-Assy Drawings\S25-4-9.PDF","M:\0 - SW Prod Dwgs\2000 Series (S20, SH20)\2-Assy Drawings\S25-4-9.PDF"
SH25-4P a.PDF,"M:\0 - SW Prod Dwgs\2000 Series (S20, SH20)\2-Assy Drawings\SH25-4P a.PDF","M:\0 - SW Prod Dwgs\2000 Series (S20, SH20)\2-Assy Drawings\SH25-4P a.PDF"
S35-3P.PDF,M:\0 - SW Prod Dwgs\3000 Series (S30)\2-Assy Drawings\S35-3P.PDF,M:\0 - SW Prod Dwgs\3000 Series (S30)\2-Assy Drawings\S35-3P.PDF
4570-KC u.pdf,M:\0 - SW Prod Dwgs\4000 Series (S40)\4570-KC u.pdf,M:\0 - SW Prod Dwgs\4000 Series (S40)\4570-KC u.pdf
5661-2 n.PDF,"M:\0 - SW Prod Dwgs\5000 Series (S51, S56)\5661-2 n.PDF","M:\0 - SW Prod Dwgs\5000 Series (S51, S56)\5661-2 n.PDF"
5661-3 j.pdf,"M:\0 - SW Prod Dwgs\5000 Series (S51, S56)\5661-3 j.pdf","M:\0 - SW Prod Dwgs\5000 Series (S51, S56)\5661-3 j.pdf"
5661-4 k.PDF,"M:\0 - SW Prod Dwgs\5000 Series (S51, S56)\5661-4 k.PDF","M:\0 - SW Prod Dwgs\5000 Series (S51, S56)\5661-4 k.PDF"
5661-6 m.pdf,"M:\0 - SW Prod Dwgs\5000 Series (S51, S56)\5661-6 m.pdf","M:\0 - SW Prod Dwgs\5000 Series (S51, S56)\5661-6 m.pdf"
5661-8 m.pdf,"M:\0 - SW Prod Dwgs\5000 Series (S51, S56)\5661-8 m.pdf","M:\0 - SW Prod Dwgs\5000 Series (S51, S56)\5661-8 m.pdf"
S565-4.PDF,"M:\0 - SW Prod Dwgs\5000 Series (S51, S56)\2-Assy Drawings\S565-4.PDF","M:\0 - SW Prod Dwgs\5000 Series (S51, S56)\2-Assy Drawings\S565-4.PDF"
B63T-9 d.pdf,M:\0 - SW Prod Dwgs\B Series (FFB49)\B63T-9 d.pdf,M:\0 - SW Prod Dwgs\B Series (FFB49)\B63T-9 d.pdf
DB61T-8 c.pdf,M:\0 - SW Prod Dwgs\DB Series (FDB49)\DB61T-8 c.pdf,M:\0 - SW Prod Dwgs\DB Series (FDB49)\DB61T-8 c.pdf
DB62T-8 c.pdf,M:\0 - SW Prod Dwgs\DB Series (FDB49)\DB62T-8 c.pdf,M:\0 - SW Prod Dwgs\DB Series (FDB49)\DB62T-8 c.pdf
E61T-2 b.pdf,M:\0 - SW Prod Dwgs\E Series (FFE49)\E61T-2 b.pdf,M:\0 - SW Prod Dwgs\E Series (FFE49)\E61T-2 b.pdf
E61T-6 c.pdf,M:\0 - SW Prod Dwgs\E Series (FFE49)\E61T-6 c.pdf,M:\0 - SW Prod Dwgs\E Series (FFE49)\E61T-6 c.pdf
E61T-8 b.pdf,M:\0 - SW Prod Dwgs\E Series (FFE49)\E61T-8 b.pdf,M:\0 - SW Prod Dwgs\E Series (FFE49)\E61T-8 b.pdf
E62T-6 f.PDF,M:\0 - SW Prod Dwgs\E Series (FFE49)\E62T-6 f.PDF,M:\0 - SW Prod Dwgs\E Series (FFE49)\E62T-6 f.PDF
E62T-8 c.pdf,M:\0 - SW Prod Dwgs\E Series (FFE49)\E62T-8 c.pdf,M:\0 - SW Prod Dwgs\E Series (FFE49)\E62T-8 c.pdf
FFE49-4-3[4 h.pdf,M:\0 - SW Prod Dwgs\E Series (FFE49)\2-Assy Drawings\Layouts\FFE49-4-3[4 h.pdf,M:\0 - SW Prod Dwgs\E Series (FFE49)\2-Assy Drawings\Layouts\FFE49-4-3[4 h.pdf
FFE49-2-6 f.pdf,M:\0 - SW Prod Dwgs\E Series (FFE49)\3-Sales Drawings\History\FFE49-2-6 f.pdf,M:\0 - SW Prod Dwgs\E Series (FFE49)\3-Sales Drawings\History\FFE49-2-6 f.pdf
F61-3 b.pdf,M:\0 - SW Prod Dwgs\F Series (FF49)\F61-3 b.pdf,M:\0 - SW Prod Dwgs\F Series (FF49)\F61-3 b.pdf
F61-6 d.pdf,M:\0 - SW Prod Dwgs\F Series (FF49)\F61-6 d.pdf,M:\0 - SW Prod Dwgs\F Series (FF49)\F61-6 d.pdf
F63-6 d.pdf,M:\0 - SW Prod Dwgs\F Series (FF49)\F63-6 d.pdf,M:\0 - SW Prod Dwgs\F Series (FF49)\F63-6 d.pdf
FF491-2S-INST a.pdf,M:\0 - SW Prod Dwgs\Repair Kit Instructions\FF491-2S-INST a.pdf,M:\0 - SW Prod Dwgs\Repair Kit Instructions\FF491-2S-INST a.pdf
FF491-3S-INST a.pdf,M:\0 - SW Prod Dwgs\Repair Kit Instructions\FF491-3S-INST a.pdf,M:\0 - SW Prod Dwgs\Repair Kit Instructions\FF491-3S-INST a.pdf
S10-RKINST b.pdf,M:\0 - SW Prod Dwgs\Repair Kit Instructions\S10-RKINST b.pdf,M:\0 - SW Prod Dwgs\Repair Kit Instructions\S10-RKINST b.pdf
S56-RKINST b.pdf,M:\0 - SW Prod Dwgs\Repair Kit Instructions\S56-RKINST b.pdf,M:\0 - SW Prod Dwgs\Repair Kit Instructions\S56-RKINST b.pdf
S56-RKINST a.pdf,M:\0 - SW Prod Dwgs\Repair Kit Instructions\4-History\S56-RKINST a.pdf,M:\0 - SW Prod Dwgs\Repair Kit Instructions\4-History\S56-RKINST a.pdf
SW100205 c.PDF,M:\0 - SW Prod Dwgs\SW Series (Custom Products)\SW1002 [Donald Eng. Diesel Drain]\1-Assembly Drawings\History\SW100205 c.PDF,M:\0 - SW Prod Dwgs\SW Series (Custom Products)\SW1002 [Donald Eng. Diesel Drain]\1-Assembly Drawings\History\SW100205 c.PDF
OBS- SW100207.PDF,M:\0 - SW Prod Dwgs\SW Series (Custom Products)\SW1002 [Donald Eng. Diesel Drain]\2-History\OBS- SW100207.PDF,M:\0 - SW Prod Dwgs\SW Series (Custom Products)\SW1002 [Donald Eng. Diesel Drain]\2-History\OBS- SW100207.PDF
SW1004X1 c.PDF,M:\0 - SW Prod Dwgs\SW Series (Custom Products)\SW1004 [Whitmore]\1-Assembly Dwgs\SW1004X1 c.PDF,M:\0 - SW Prod Dwgs\SW Series (Custom Products)\SW1004 [Whitmore]\1-Assembly Dwgs\SW1004X1 c.PDF
SW1004X1 b.pdf,M:\0 - SW Prod Dwgs\SW Series (Custom Products)\SW1004 [Whitmore]\1-Assembly Dwgs\History\SW1004X1 b.pdf,M:\0 - SW Prod Dwgs\SW Series (Custom Products)\SW1004 [Whitmore]\1-Assembly Dwgs\History\SW1004X1 b.pdf
SW100505 a.PDF,M:\0 - SW Prod Dwgs\SW Series (Custom Products)\SW1005 [DXP]\1-Assembly Drawings\SW100505 a.PDF,M:\0 - SW Prod Dwgs\SW Series (Custom Products)\SW1005 [DXP]\1-Assembly Drawings\SW100505 a.PDF
SW100515 a.PDF,M:\0 - SW Prod Dwgs\SW Series (Custom Products)\SW1005 [DXP]\1-Assembly Drawings\SW100515 a.PDF,M:\0 - SW Prod Dwgs\SW Series (Custom Products)\SW1005 [DXP]\1-Assembly Drawings\SW100515 a.PDF
SW100525 b.PDF,M:\0 - SW Prod Dwgs\SW Series (Custom Products)\SW1005 [DXP]\1-Assembly Drawings\SW100525 b.PDF,M:\0 - SW Prod Dwgs\SW Series (Custom Products)\SW1005 [DXP]\1-Assembly Drawings\SW100525 b.PDF
SW100535 b.PDF,M:\0 - SW Prod Dwgs\SW Series (Custom Products)\SW1005 [DXP]\1-Assembly Drawings\SW100535 b.PDF,M:\0 - SW Prod Dwgs\SW Series (Custom Products)\SW1005 [DXP]\1-Assembly Drawings\SW100535 b.PDF
SW100505 a0.PDF,M:\0 - SW Prod Dwgs\SW Series (Custom Products)\SW1005 [DXP]\1-Assembly Drawings\History\SW100505 a0.PDF,M:\0 - SW Prod Dwgs\SW Series (Custom Products)\SW1005 [DXP]\1-Assembly Drawings\History\SW100505 a0.PDF
SW100515 a0.PDF,M:\0 - SW Prod Dwgs\SW Series (Custom Products)\SW1005 [DXP]\1-Assembly Drawings\History\SW100515 a0.PDF,M:\0 - SW Prod Dwgs\SW Series (Custom Products)\SW1005 [DXP]\1-Assembly Drawings\History\SW100515 a0.PDF
SW100525 a.PDF,M:\0 - SW Prod Dwgs\SW Series (Custom Products)\SW1005 [DXP]\1-Assembly Drawings\History\SW100525 a.PDF,M:\0 - SW Prod Dwgs\SW Series (Custom Products)\SW1005 [DXP]\1-Assembly Drawings\History\SW100525 a.PDF
SW100535 a.PDF,M:\0 - SW Prod Dwgs\SW Series (Custom Products)\SW1005 [DXP]\1-Assembly Drawings\History\SW100535 a.PDF,M:\0 - SW Prod Dwgs\SW Series (Custom Products)\SW1005 [DXP]\1-Assembly Drawings\History\SW100535 a.PDF
SW101205 a.PDF,M:\0 - SW Prod Dwgs\SW Series (Custom Products)\SW1012 [YDI Custom S10-1]\SW101205 a.PDF,M:\0 - SW Prod Dwgs\SW Series (Custom Products)\SW1012 [YDI Custom S10-1]\SW101205 a.PDF
