Search Directory: 
M:\0-ProdDwg

Search Terms: 
PTFE
Ptfe
ptfe
Teflon
TEFLON
teflon

Results matching at least one term: 
Filename,Location
0051110.PDF,M:\0-ProdDwg\005 SPECIALS\0051110.PDF
0051150.pdf,M:\0-ProdDwg\005 SPECIALS\0051150.pdf
0051160.pdf,M:\0-ProdDwg\005 SPECIALS\0051160.pdf
0053690.pdf,M:\0-ProdDwg\005 SPECIALS\0053690.pdf
0054590.pdf,M:\0-ProdDwg\005 SPECIALS\0054590.pdf
0054690.pdf,M:\0-ProdDwg\005 SPECIALS\0054690.pdf
0053190 OBS.pdf,M:\0-ProdDwg\005 SPECIALS\005 HISTORY\0053190 OBS.pdf
0053191 OBS.pdf,M:\0-ProdDwg\005 SPECIALS\005 HISTORY\0053191 OBS.pdf
0053192 OBS.pdf,M:\0-ProdDwg\005 SPECIALS\005 HISTORY\0053192 OBS.pdf
1130090.pdf,M:\0-ProdDwg\113 [050 Series BRS Shutoff] Also #097\1130090.pdf
1140170 OBS  ARTWORK.pdf,M:\0-ProdDwg\114 Contract Assembly\114 OBS\1140170 OBS  ARTWORK.pdf
1950090.pdf,M:\0-ProdDwg\195 [052 Series Ball] Also #279\1950090.pdf
1950170.pdf,M:\0-ProdDwg\195 [052 Series Ball] Also #279\1950170.pdf
1950310.pdf,M:\0-ProdDwg\195 [052 Series Ball] Also #279\1950310.pdf
1951090.pdf,M:\0-ProdDwg\195 [052 Series Ball] Also #279\1951090.pdf
1952290.pdf,M:\0-ProdDwg\195 [052 Series Ball] Also #279\1952290.pdf
1952290-LINE.pdf,M:\0-ProdDwg\195 [052 Series Ball] Also #279\195 HISTORY\1952290-LINE.pdf
1970090.pdf,"M:\0-ProdDwg\197 [025 Series Ball] Also #219,244,541\1970090.pdf"
1970190.pdf,"M:\0-ProdDwg\197 [025 Series Ball] Also #219,244,541\1970190.pdf"
1970540.pdf,"M:\0-ProdDwg\197 [025 Series Ball] Also #219,244,541\1970540.pdf"
1971190.pdf,"M:\0-ProdDwg\197 [025 Series Ball] Also #219,244,541\1971190.pdf"
1971390.pdf,"M:\0-ProdDwg\197 [025 Series Ball] Also #219,244,541\1971390.pdf"
1971690.pdf,"M:\0-ProdDwg\197 [025 Series Ball] Also #219,244,541\1971690.pdf"
1975190.pdf,"M:\0-ProdDwg\197 [025 Series Ball] Also #219,244,541\1975190.pdf"
1976090.pdf,"M:\0-ProdDwg\197 [025 Series Ball] Also #219,244,541\1976090.pdf"
1977690.pdf,"M:\0-ProdDwg\197 [025 Series Ball] Also #219,244,541\1977690.pdf"
1978890.pdf,"M:\0-ProdDwg\197 [025 Series Ball] Also #219,244,541\1978890.pdf"
2190090.pdf,"M:\0-ProdDwg\197 [025 Series Ball] Also #219,244,541\2190090.pdf"
2192990.pdf,"M:\0-ProdDwg\197 [025 Series Ball] Also #219,244,541\2192990.pdf"
2530090.pdf,M:\0-ProdDwg\253 [027 Series] Also #254\2530090.pdf
2530290.pdf,M:\0-ProdDwg\253 [027 Series] Also #254\2530290.pdf
2530390.pdf,M:\0-ProdDwg\253 [027 Series] Also #254\2530390.pdf
2531490.pdf,M:\0-ProdDwg\253 [027 Series] Also #254\2531490.pdf
2531590.pdf,M:\0-ProdDwg\253 [027 Series] Also #254\2531590.pdf
2531690.pdf,M:\0-ProdDwg\253 [027 Series] Also #254\2531690.pdf
2534790.pdf,M:\0-ProdDwg\253 [027 Series] Also #254\2534790.pdf
2535090.pdf,M:\0-ProdDwg\253 [027 Series] Also #254\2535090.pdf
2535290.pdf,M:\0-ProdDwg\253 [027 Series] Also #254\2535290.pdf
2536890.pdf,M:\0-ProdDwg\253 [027 Series] Also #254\2536890.pdf
2537390.pdf,M:\0-ProdDwg\253 [027 Series] Also #254\2537390.pdf
2537490.pdf,M:\0-ProdDwg\253 [027 Series] Also #254\2537490.pdf
2538190.pdf,M:\0-ProdDwg\253 [027 Series] Also #254\2538190.pdf
2538290.pdf,M:\0-ProdDwg\253 [027 Series] Also #254\2538290.pdf
2539090.pdf,M:\0-ProdDwg\253 [027 Series] Also #254\2539090.pdf
2540090.pdf,M:\0-ProdDwg\253 [027 Series] Also #254\2540090.pdf
2740090.pdf,M:\0-ProdDwg\274 [036 Series Ball] Also #382\2740090.pdf
2740140.pdf,M:\0-ProdDwg\274 [036 Series Ball] Also #382\2740140.pdf
2780090.pdf,"M:\0-ProdDwg\278 [027 Series Ball] Also #716, 752\2780090.pdf"
2780690.pdf,"M:\0-ProdDwg\278 [027 Series Ball] Also #716, 752\2780690.pdf"
2781290.pdf,"M:\0-ProdDwg\278 [027 Series Ball] Also #716, 752\2781290.pdf"
2783490.pdf,"M:\0-ProdDwg\278 [027 Series Ball] Also #716, 752\2783490.pdf"
2784590.pdf,"M:\0-ProdDwg\278 [027 Series Ball] Also #716, 752\2784590.pdf"
7520190.pdf,"M:\0-ProdDwg\278 [027 Series Ball] Also #716, 752\7520190.pdf"
7520890.pdf,"M:\0-ProdDwg\278 [027 Series Ball] Also #716, 752\7520890.pdf"
7521090.pdf,"M:\0-ProdDwg\278 [027 Series Ball] Also #716, 752\7521090.pdf"
7521390.pdf,"M:\0-ProdDwg\278 [027 Series Ball] Also #716, 752\7521390.pdf"
7521490.pdf,"M:\0-ProdDwg\278 [027 Series Ball] Also #716, 752\7521490.pdf"
7521590.pdf,"M:\0-ProdDwg\278 [027 Series Ball] Also #716, 752\7521590.pdf"
7521690.pdf,"M:\0-ProdDwg\278 [027 Series Ball] Also #716, 752\7521690.pdf"
7522590.pdf,"M:\0-ProdDwg\278 [027 Series Ball] Also #716, 752\7522590.pdf"
7522790.pdf,"M:\0-ProdDwg\278 [027 Series Ball] Also #716, 752\7522790.pdf"
7524090.pdf,"M:\0-ProdDwg\278 [027 Series Ball] Also #716, 752\7524090.pdf"
2880090.pdf,"M:\0-ProdDwg\288 [012, 013 Series Ball] Also #732\2880090.pdf"
2880890.pdf,"M:\0-ProdDwg\288 [012, 013 Series Ball] Also #732\2880890.pdf"
2882090.pdf,"M:\0-ProdDwg\288 [012, 013 Series Ball] Also #732\2882090.pdf"
2884290.pdf,"M:\0-ProdDwg\288 [012, 013 Series Ball] Also #732\2884290.pdf"
2884390.pdf,"M:\0-ProdDwg\288 [012, 013 Series Ball] Also #732\2884390.pdf"
7320590.pdf,"M:\0-ProdDwg\288 [012, 013 Series Ball] Also #732\7320590.pdf"
21255.pdf,M:\0-ProdDwg\2xxxx [Perceptive Contract]\21255.pdf
3420790.pdf,"M:\0-ProdDwg\342 [700 Series Ball] Also #681, 698, 700, 701, 702\3420790.pdf"
3420890.pdf,"M:\0-ProdDwg\342 [700 Series Ball] Also #681, 698, 700, 701, 702\3420890.pdf"
3422090.pdf,"M:\0-ProdDwg\342 [700 Series Ball] Also #681, 698, 700, 701, 702\3422090.pdf"
3422390.pdf,"M:\0-ProdDwg\342 [700 Series Ball] Also #681, 698, 700, 701, 702\3422390.pdf"
3422490.pdf,"M:\0-ProdDwg\342 [700 Series Ball] Also #681, 698, 700, 701, 702\3422490.pdf"
3423990.pdf,"M:\0-ProdDwg\342 [700 Series Ball] Also #681, 698, 700, 701, 702\3423990.pdf"
3424190.pdf,"M:\0-ProdDwg\342 [700 Series Ball] Also #681, 698, 700, 701, 702\3424190.pdf"
3424690.pdf,"M:\0-ProdDwg\342 [700 Series Ball] Also #681, 698, 700, 701, 702\3424690.pdf"
3429490.pdf,"M:\0-ProdDwg\342 [700 Series Ball] Also #681, 698, 700, 701, 702\3429490.pdf"
6813390.pdf,"M:\0-ProdDwg\342 [700 Series Ball] Also #681, 698, 700, 701, 702\6813390.pdf"
6813690.pdf,"M:\0-ProdDwg\342 [700 Series Ball] Also #681, 698, 700, 701, 702\6813690.pdf"
6813790.pdf,"M:\0-ProdDwg\342 [700 Series Ball] Also #681, 698, 700, 701, 702\6813790.pdf"
6816190.pdf,"M:\0-ProdDwg\342 [700 Series Ball] Also #681, 698, 700, 701, 702\6816190.pdf"
6816490.pdf,"M:\0-ProdDwg\342 [700 Series Ball] Also #681, 698, 700, 701, 702\6816490.pdf"
6816890.pdf,"M:\0-ProdDwg\342 [700 Series Ball] Also #681, 698, 700, 701, 702\6816890.pdf"
6816990.pdf,"M:\0-ProdDwg\342 [700 Series Ball] Also #681, 698, 700, 701, 702\6816990.pdf"
6818390.pdf,"M:\0-ProdDwg\342 [700 Series Ball] Also #681, 698, 700, 701, 702\6818390.pdf"
6818590.pdf,"M:\0-ProdDwg\342 [700 Series Ball] Also #681, 698, 700, 701, 702\6818590.pdf"
6980890.pdf,"M:\0-ProdDwg\342 [700 Series Ball] Also #681, 698, 700, 701, 702\6980890.pdf"
6987190.pdf,"M:\0-ProdDwg\342 [700 Series Ball] Also #681, 698, 700, 701, 702\6987190.pdf"
6987890.pdf,"M:\0-ProdDwg\342 [700 Series Ball] Also #681, 698, 700, 701, 702\6987890.pdf"
7000090.pdf,"M:\0-ProdDwg\342 [700 Series Ball] Also #681, 698, 700, 701, 702\7000090.pdf"
7000190.pdf,"M:\0-ProdDwg\342 [700 Series Ball] Also #681, 698, 700, 701, 702\7000190.pdf"
3822090.PDF,M:\0-ProdDwg\382 [036 Series Ball] See #274\3822090.PDF
3970090.pdf,M:\0-ProdDwg\397 [752 Series] HYPRO\3970090.pdf
3970690.pdf,M:\0-ProdDwg\397 [752 Series] HYPRO\3970690.pdf
3970990.pdf,M:\0-ProdDwg\397 [752 Series] HYPRO\3970990.pdf
4280010.pdf,M:\0-ProdDwg\428 [PVC 428 Series-Umbrella]\4280010.pdf
4280090.pdf,M:\0-ProdDwg\428 [PVC 428 Series-Umbrella]\4280090.pdf
5230160.pdf,M:\0-ProdDwg\523 [928-940 Series BRS Swivel]\5230160.pdf
5260020.pdf,M:\0-ProdDwg\526 [515 THUM GUN]\5260020.pdf
5370040.pdf,M:\0-ProdDwg\537 [SST 2000 Series Ball]\5370040.pdf
5370190.pdf,M:\0-ProdDwg\537 [SST 2000 Series Ball]\5370190.pdf
5372590.PDF,M:\0-ProdDwg\537 [SST 2000 Series Ball]\5372590.PDF
5550060.pdf,M:\0-ProdDwg\555 [555 Series BRS BPR] (556-3 WAY)\5550060.pdf
5550090.pdf,M:\0-ProdDwg\555 [555 Series BRS BPR] (556-3 WAY)\5550090.pdf
5551390.pdf,M:\0-ProdDwg\555 [555 Series BRS BPR] (556-3 WAY)\5551390.pdf
5551890.pdf,M:\0-ProdDwg\555 [555 Series BRS BPR] (556-3 WAY)\5551890.pdf
5557890.pdf,M:\0-ProdDwg\555 [555 Series BRS BPR] (556-3 WAY)\5557890.pdf
5559290.pdf,M:\0-ProdDwg\555 [555 Series BRS BPR] (556-3 WAY)\5559290.pdf
5720150.pdf,"M:\0-ProdDwg\572 [PVC 426 Series CHK & Filter] Also #674,699,711,714,719,724,727,737,738,774,775,776,777,780\5720150.pdf"
5720290.pdf,"M:\0-ProdDwg\572 [PVC 426 Series CHK & Filter] Also #674,699,711,714,719,724,727,737,738,774,775,776,777,780\5720290.pdf"
5728490.pdf,"M:\0-ProdDwg\572 [PVC 426 Series CHK & Filter] Also #674,699,711,714,719,724,727,737,738,774,775,776,777,780\5728490.pdf"
5728590.pdf,"M:\0-ProdDwg\572 [PVC 426 Series CHK & Filter] Also #674,699,711,714,719,724,727,737,738,774,775,776,777,780\5728590.pdf"
6748990.pdf,"M:\0-ProdDwg\572 [PVC 426 Series CHK & Filter] Also #674,699,711,714,719,724,727,737,738,774,775,776,777,780\6748990.pdf"
6999090.pdf,"M:\0-ProdDwg\572 [PVC 426 Series CHK & Filter] Also #674,699,711,714,719,724,727,737,738,774,775,776,777,780\6999090.pdf"
7115790.pdf,"M:\0-ProdDwg\572 [PVC 426 Series CHK & Filter] Also #674,699,711,714,719,724,727,737,738,774,775,776,777,780\7115790.pdf"
7116690.pdf,"M:\0-ProdDwg\572 [PVC 426 Series CHK & Filter] Also #674,699,711,714,719,724,727,737,738,774,775,776,777,780\7116690.pdf"
7380290.pdf,"M:\0-ProdDwg\572 [PVC 426 Series CHK & Filter] Also #674,699,711,714,719,724,727,737,738,774,775,776,777,780\7380290.pdf"
7393090.pdf,"M:\0-ProdDwg\572 [PVC 426 Series CHK & Filter] Also #674,699,711,714,719,724,727,737,738,774,775,776,777,780\7393090.pdf"
7732990.pdf,"M:\0-ProdDwg\572 [PVC 426 Series CHK & Filter] Also #674,699,711,714,719,724,727,737,738,774,775,776,777,780\7732990.pdf"
7741990.pdf,"M:\0-ProdDwg\572 [PVC 426 Series CHK & Filter] Also #674,699,711,714,719,724,727,737,738,774,775,776,777,780\7741990.pdf"
7757490.pdf,"M:\0-ProdDwg\572 [PVC 426 Series CHK & Filter] Also #674,699,711,714,719,724,727,737,738,774,775,776,777,780\7757490.pdf"
7767890.pdf,"M:\0-ProdDwg\572 [PVC 426 Series CHK & Filter] Also #674,699,711,714,719,724,727,737,738,774,775,776,777,780\7767890.pdf"
5890090.pdf,"M:\0-ProdDwg\589 [489,589 Series BRS NEEDLE VALVE]\5890090.pdf"
5890110.pdf,"M:\0-ProdDwg\589 [489,589 Series BRS NEEDLE VALVE]\5890110.pdf"
5894190.pdf,"M:\0-ProdDwg\589 [489,589 Series BRS NEEDLE VALVE]\5894190.pdf"
5894390.pdf,"M:\0-ProdDwg\589 [489,589 Series BRS NEEDLE VALVE]\5894390.pdf"
5895790.pdf,"M:\0-ProdDwg\589 [489,589 Series BRS NEEDLE VALVE]\5895790.pdf"
5896390.pdf,"M:\0-ProdDwg\589 [489,589 Series BRS NEEDLE VALVE]\5896390.pdf"
5897090.pdf,"M:\0-ProdDwg\589 [489,589 Series BRS NEEDLE VALVE]\5897090.pdf"
6109017 REVB.pdf,M:\0-ProdDwg\610 [CONTRACT PARTS]\6109017 REVB.pdf
6109018 REVB.pdf,M:\0-ProdDwg\610 [CONTRACT PARTS]\6109018 REVB.pdf
6109019 REVB.pdf,M:\0-ProdDwg\610 [CONTRACT PARTS]\6109019 REVB.pdf
6109117 REVC.pdf,M:\0-ProdDwg\610 [CONTRACT PARTS]\6109117 REVC.pdf
6109118 REVC.pdf,M:\0-ProdDwg\610 [CONTRACT PARTS]\6109118 REVC.pdf
6109119 REVC.pdf,M:\0-ProdDwg\610 [CONTRACT PARTS]\6109119 REVC.pdf
6109949 REV 2 REDLINE.pdf,M:\0-ProdDwg\610 [CONTRACT PARTS]\6109949 REV 2 REDLINE.pdf
6109949 REV 2.pdf,M:\0-ProdDwg\610 [CONTRACT PARTS]\6109949 REV 2.pdf
6109947-1078-RevA-ASM.pdf,M:\0-ProdDwg\610 [CONTRACT PARTS]\6109947-1078 Assy\6109947-1078-RevA-ASM.pdf
6109967-1054-RevA-ASM.pdf,M:\0-ProdDwg\610 [CONTRACT PARTS]\6109967-1054 Assy\6109967-1054-RevA-ASM.pdf
6109978-1047-RevA-ASM.pdf,M:\0-ProdDwg\610 [CONTRACT PARTS]\6109978-1047-Assy\6109978-1047-RevA-ASM.pdf
6109988-1067-RevA-ASM .pdf,M:\0-ProdDwg\610 [CONTRACT PARTS]\6109988-1067 Assy\6109988-1067-RevA-ASM .pdf
6120090.pdf,M:\0-ProdDwg\612 [038 Series Ball]\6120090.pdf
6120390.pdf,M:\0-ProdDwg\612 [038 Series Ball]\6120390.pdf
6120690.pdf,M:\0-ProdDwg\612 [038 Series Ball]\6120690.pdf
6121290.pdf,M:\0-ProdDwg\612 [038 Series Ball]\6121290.pdf
6380050.pdf,"M:\0-ProdDwg\638 [PVC 638 Series] Also #712,725,761,762\6380050.pdf"
7632890.pdf,"M:\0-ProdDwg\638 [PVC 638 Series] Also #712,725,761,762\7632890.pdf"
7347590.pdf,"M:\0-ProdDwg\643 [410 Series BRS CHK] Also #713,726,734\7347590.pdf"
6610020.pdf,M:\0-ProdDwg\661 [730 Series]\6610020.pdf
6610040.pdf,M:\0-ProdDwg\661 [730 Series]\6610040.pdf
6610090.pdf,M:\0-ProdDwg\661 [730 Series]\6610090.pdf
6611990.pdf,M:\0-ProdDwg\661 [730 Series]\6611990.pdf
6612090.pdf,M:\0-ProdDwg\661 [730 Series]\6612090.pdf
6614090.pdf,M:\0-ProdDwg\661 [730 Series]\6614090.pdf
6620190.pdf,"M:\0-ProdDwg\662 [730, 732 Series]\6620190.pdf"
6620290.pdf,"M:\0-ProdDwg\662 [730, 732 Series]\6620290.pdf"
6621390.pdf,"M:\0-ProdDwg\662 [730, 732 Series]\6621390.pdf"
6621790.pdf,"M:\0-ProdDwg\662 [730, 732 Series]\6621790.pdf"
6622390.pdf,"M:\0-ProdDwg\662 [730, 732 Series]\6622390.pdf"
6623890.pdf,"M:\0-ProdDwg\662 [730, 732 Series]\6623890.pdf"
6623990.pdf,"M:\0-ProdDwg\662 [730, 732 Series]\6623990.pdf"
6624790.pdf,"M:\0-ProdDwg\662 [730, 732 Series]\6624790.pdf"
6624890.pdf,"M:\0-ProdDwg\662 [730, 732 Series]\6624890.pdf"
6625290.pdf,"M:\0-ProdDwg\662 [730, 732 Series]\6625290.pdf"
6626190.pdf,"M:\0-ProdDwg\662 [730, 732 Series]\6626190.pdf"
6627790.pdf,"M:\0-ProdDwg\662 [730, 732 Series]\6627790.pdf"
6627890.pdf,"M:\0-ProdDwg\662 [730, 732 Series]\6627890.pdf"
6690390.pdf,"M:\0-ProdDwg\669 [734,735,835 & 836 Series]\6690390.pdf"
6690480.pdf,"M:\0-ProdDwg\669 [734,735,835 & 836 Series]\6690480.pdf"
6690490.pdf,"M:\0-ProdDwg\669 [734,735,835 & 836 Series]\6690490.pdf"
6690560.pdf,"M:\0-ProdDwg\669 [734,735,835 & 836 Series]\6690560.pdf"
6690660.pdf,"M:\0-ProdDwg\669 [734,735,835 & 836 Series]\6690660.pdf"
6690740.pdf,"M:\0-ProdDwg\669 [734,735,835 & 836 Series]\6690740.pdf"
6695790.pdf,"M:\0-ProdDwg\669 [734,735,835 & 836 Series]\6695790.pdf"
6696190.pdf,"M:\0-ProdDwg\669 [734,735,835 & 836 Series]\6696190.pdf"
6696390.pdf,"M:\0-ProdDwg\669 [734,735,835 & 836 Series]\6696390.pdf"
6696890.pdf,"M:\0-ProdDwg\669 [734,735,835 & 836 Series]\6696890.pdf"
6697090.pdf,"M:\0-ProdDwg\669 [734,735,835 & 836 Series]\6697090.pdf"
6697590.pdf,"M:\0-ProdDwg\669 [734,735,835 & 836 Series]\6697590.pdf"
6698290.pdf,"M:\0-ProdDwg\669 [734,735,835 & 836 Series]\6698290.pdf"
6698790.pdf,"M:\0-ProdDwg\669 [734,735,835 & 836 Series]\6698790.pdf"
6699490.pdf,"M:\0-ProdDwg\669 [734,735,835 & 836 Series]\6699490.pdf"
6699790.pdf,"M:\0-ProdDwg\669 [734,735,835 & 836 Series]\6699790.pdf"
6700060.pdf,"M:\0-ProdDwg\669 [734,735,835 & 836 Series]\6700060.pdf"
6701090.pdf,"M:\0-ProdDwg\669 [734,735,835 & 836 Series]\6701090.pdf"
6850500.pdf,"M:\0-ProdDwg\685 [PVC 685 Series] also #740,741\6850500.pdf"
7406490.pdf,"M:\0-ProdDwg\685 [PVC 685 Series] also #740,741\7406490.pdf"
7410690.pdf,"M:\0-ProdDwg\685 [PVC 685 Series] also #740,741\7410690.pdf"
7590090.pdf,"M:\0-ProdDwg\695 [PVC 695 Series CHK & Filter] Also #718,731,759\7590090.pdf"
7002290.pdf,M:\0-ProdDwg\700 [342 Series] See #342\7002290.pdf
7030040.pdf,M:\0-ProdDwg\703 [PVC 586 Series NEEDLE] Also #730\7030040.pdf
7030090.pdf,M:\0-ProdDwg\703 [PVC 586 Series NEEDLE] Also #730\7030090.pdf
7030190.pdf,M:\0-ProdDwg\703 [PVC 586 Series NEEDLE] Also #730\7030190.pdf
7030890.pdf,M:\0-ProdDwg\703 [PVC 586 Series NEEDLE] Also #730\7030890.pdf
7030990.pdf,M:\0-ProdDwg\703 [PVC 586 Series NEEDLE] Also #730\7030990.pdf
7034290.pdf,M:\0-ProdDwg\703 [PVC 586 Series NEEDLE] Also #730\7034290.pdf
7306390.pdf,M:\0-ProdDwg\703 [PVC 586 Series NEEDLE] Also #730\7306390.pdf
7050080.pdf,M:\0-ProdDwg\705 [PVC 074 Series Ball]\7050080.pdf
7050090.pdf,M:\0-ProdDwg\705 [PVC 074 Series Ball]\7050090.pdf
7050150.pdf,M:\0-ProdDwg\705 [PVC 074 Series Ball]\7050150.pdf
7050290.pdf,M:\0-ProdDwg\705 [PVC 074 Series Ball]\7050290.pdf
7051890.pdf,M:\0-ProdDwg\705 [PVC 074 Series Ball]\7051890.pdf
7052890.pdf,M:\0-ProdDwg\705 [PVC 074 Series Ball]\7052890.pdf
7052990.pdf,M:\0-ProdDwg\705 [PVC 074 Series Ball]\7052990.pdf
7054590.pdf,M:\0-ProdDwg\705 [PVC 074 Series Ball]\7054590.pdf
7054690.pdf,M:\0-ProdDwg\705 [PVC 074 Series Ball]\7054690.pdf
7055890.pdf,M:\0-ProdDwg\705 [PVC 074 Series Ball]\7055890.pdf
7056190.pdf,M:\0-ProdDwg\705 [PVC 074 Series Ball]\7056190.pdf
7056290.pdf,M:\0-ProdDwg\705 [PVC 074 Series Ball]\7056290.pdf
7056490.pdf,M:\0-ProdDwg\705 [PVC 074 Series Ball]\7056490.pdf
7056890.pdf,M:\0-ProdDwg\705 [PVC 074 Series Ball]\7056890.pdf
7056990.pdf,M:\0-ProdDwg\705 [PVC 074 Series Ball]\7056990.pdf
7057090.pdf,M:\0-ProdDwg\705 [PVC 074 Series Ball]\7057090.pdf
7058090.pdf,M:\0-ProdDwg\705 [PVC 074 Series Ball]\7058090.pdf
7058190.pdf,M:\0-ProdDwg\705 [PVC 074 Series Ball]\7058190.pdf
7058290.pdf,M:\0-ProdDwg\705 [PVC 074 Series Ball]\7058290.pdf
7050260 obs.pdf,M:\0-ProdDwg\705 [PVC 074 Series Ball]\705 HISTORY\7050260 obs.pdf
7056590 OBS.pdf,M:\0-ProdDwg\705 [PVC 074 Series Ball]\705 HISTORY\7056590 OBS.pdf
7056690 OBS.pdf,M:\0-ProdDwg\705 [PVC 074 Series Ball]\705 HISTORY\7056690 OBS.pdf
7056790 OBS.pdf,M:\0-ProdDwg\705 [PVC 074 Series Ball]\705 HISTORY\7056790 OBS.pdf
7381590.pdf,M:\0-ProdDwg\737 & 738 [426 SERIES] See #572\7381590.pdf
8010171.pdf,"M:\0-ProdDwg\800s [PURCHASED PARTS]\801 O-RING, SPECIAL\8010171.pdf"
8340010  834 & 858 SERIES BALLS.pdf,M:\0-ProdDwg\800s [PURCHASED PARTS]\821 thru 843 QUAD & MISC\8340010  834 & 858 SERIES BALLS.pdf
8410000 QUAD RINGS.pdf,M:\0-ProdDwg\800s [PURCHASED PARTS]\821 thru 843 QUAD & MISC\8410000 QUAD RINGS.pdf
8410000 QUAD RINGS.pdf,M:\0-ProdDwg\800s [PURCHASED PARTS]\821 thru 843 QUAD & MISC\821 thru 843 HISTORY\8410000 QUAD RINGS.pdf
8580020.pdf,M:\0-ProdDwg\800s [PURCHASED PARTS]\852 thru 863 MISC\8580020.pdf
8630400 Lubricants.pdf,M:\0-ProdDwg\800s [PURCHASED PARTS]\852 thru 863 MISC\8630400 Lubricants.pdf
8571000.pdf,M:\0-ProdDwg\800s [PURCHASED PARTS]\857 U-CUPS.dwg\8571000.pdf
1-003.pdf,M:\0-ProdDwg\800s [PURCHASED PARTS]\O-RINGS BY SIZE\1-003.pdf
1-004.pdf,M:\0-ProdDwg\800s [PURCHASED PARTS]\O-RINGS BY SIZE\1-004.pdf
1-007.pdf,M:\0-ProdDwg\800s [PURCHASED PARTS]\O-RINGS BY SIZE\1-007.pdf
1-008.pdf,M:\0-ProdDwg\800s [PURCHASED PARTS]\O-RINGS BY SIZE\1-008.pdf
1-010.pdf,M:\0-ProdDwg\800s [PURCHASED PARTS]\O-RINGS BY SIZE\1-010.pdf
1-011.pdf,M:\0-ProdDwg\800s [PURCHASED PARTS]\O-RINGS BY SIZE\1-011.pdf
1-012.pdf,M:\0-ProdDwg\800s [PURCHASED PARTS]\O-RINGS BY SIZE\1-012.pdf
1-017.pdf,M:\0-ProdDwg\800s [PURCHASED PARTS]\O-RINGS BY SIZE\1-017.pdf
1-114.pdf,M:\0-ProdDwg\800s [PURCHASED PARTS]\O-RINGS BY SIZE\1-114.pdf
1-116.pdf,M:\0-ProdDwg\800s [PURCHASED PARTS]\O-RINGS BY SIZE\1-116.pdf
9980079.pdf,M:\0-ProdDwg\998 [Prototype Parts]\9980079.pdf
520121 Ryan Herco NOR A-55-G TUBING.pdf,M:\0-ProdDwg\_5xxxx (ROLACHEM)\520\520 CAD\520121 Ryan Herco NOR A-55-G TUBING.pdf
523102.pdf,M:\0-ProdDwg\_5xxxx (ROLACHEM)\523\523102.pdf
"550302 Lit,Solenoid Kit, 0.5inch 2020-04-15 FOR PRINTING.pdf","M:\0-ProdDwg\_5xxxx (ROLACHEM)\550\550302 Lit,Solenoid Kit, 0.5inch 2020-04-15 FOR PRINTING.pdf"
503000.pdf,M:\0-ProdDwg\_PARADISE DRAWINGS\503000.pdf
503000 020719.pdf,M:\0-ProdDwg\_PARADISE DRAWINGS\Paradise History and OBS\503000 020719.pdf
